,Genome,testgenome_gene_name,db_gene_name,pident,slength,coverage,querystart,queryend,db,score
7,44231_all_db3,NODE_111_length_1766_cov_132.933,C_sp._AF108865.1.1753_GENOTYPE_NAN_18s,100.0,1753.0,0.9994295493439818,6.0,1758.0,18s,99.94295493439817
1,44231_all_db3,NODE_22_length_159860_cov_106.452,C_hominis_EF591784_strain_CHZF2_actin,100.0,1062.0,0.9990583804143126,48087.0,49148.0,actin,99.90583804143127
4,44231_all_db3,NODE_28_length_117153_cov_82.5096,C_hominis_EF591787_strain_CHZF1_hsp70,100.0,308.0,0.9967532467532468,98220.0,98527.0,hsp70,99.67532467532469
