,Genome,testgenome_gene_name,db_gene_name,pident,slength,coverage,querystart,queryend,db,score
7,44505_S72_all_db3,NODE_118_length_1765_cov_140.424,C_sp._AF108865.1.1753_GENOTYPE_NAN_18s,99.943,1753.0,0.9988590986879636,6.0,1757.0,18s,99.82897490017115
1,44505_S72_all_db3,NODE_19_length_156680_cov_138.081,C_hominis_EF591784_strain_CHZF2_actin,100.0,1062.0,0.9990583804143126,48082.0,49143.0,actin,99.90583804143127
4,44505_S72_all_db3,NODE_31_length_95879_cov_106.989,C_hominis_EF591787_strain_CHZF1_hsp70,100.0,308.0,0.9967532467532468,83663.0,83970.0,hsp70,99.67532467532469
