,Genome,testgenome_gene_name,db_gene_name,pident,slength,coverage,querystart,queryend,db,score
0,44878_S29_all_db3,NODE_29_length_83304_cov_145.932,C_felis_AF108862.1.1784_GENOTYPE_NAN_18s,99.944,1784.0,0.9994394618834079,3759.0,5542.0,18s,99.88797757847533
1,44878_S29_all_db3,NODE_29_length_83304_cov_145.932,C_FELIS_AF112575_I_Genotype_NAN_18s,99.88799999999999,1781.0,0.9994385176866928,3762.0,5542.0,18s,99.83191465468836
2,44878_S29_all_db3,NODE_42_length_67598_cov_288.728,C_felis_KM977644_isolate_Tu1_actin,100.0,1013.0,0.9990128331688056,4063.0,5075.0,actin,99.90128331688057
3,44878_S29_all_db3,NODE_42_length_67598_cov_288.728,C_felis_AF382347_isolate_288_actin,99.40799999999999,1013.0,0.9990128331688056,4063.0,5075.0,actin,99.30986771964461
4,44878_S29_all_db3,NODE_101_length_24813_cov_37.9832,C_felis_KP642067_isolate_SC142_hsp70,100.0,308.0,0.9967532467532468,16128.0,16435.0,hsp70,99.67532467532469
