,Genome,testgenome_gene_name,db_gene_name,pident,slength,coverage,querystart,queryend,db,score
0,44532_all_db3,NODE_2_length_344539_cov_81.2571,C_parvum_AAEE01000005.299599.301356_GENOTYPE_NAN_18s,100.0,1758.0,0.9994311717861206,92622.0,94379.0,18s,99.94311717861206
1,44532_all_db3,NODE_33_length_89096_cov_83.6544,C_parvum_M86241_actin,100.0,1062.0,0.9990583804143126,69033.0,70094.0,actin,99.90583804143127
4,44532_all_db3,NODE_70_length_32781_cov_99.4425,C_parvum_AB542116_isolate_Sakha102_hsp70,100.0,308.0,0.9967532467532468,13757.0,14064.0,hsp70,99.67532467532469
