,Genome,testgenome_gene_name,db_gene_name,pident,slength,coverage,querystart,queryend,db,score
0,44617_all_db3,NODE_6_length_269752_cov_79.5102,C_muris_AY643490_hsp70,100.0,308.0,0.9967532467532468,85104.0,85411.0,hsp70,99.67532467532469
1,44617_all_db3,NODE_6_length_269752_cov_79.5102,C_muris_GU001645_AHCF-5_hsp70,99.675,308.0,0.9967532467532468,85104.0,85411.0,hsp70,99.35137987012988
2,44617_all_db3,NODE_6_length_269752_cov_79.5102,C_muris_FJ429635_isolate_J43_hsp70,98.37100000000001,308.0,0.9902597402597404,85106.0,85411.0,hsp70,97.41284090909093
3,44617_all_db3,NODE_15_length_163292_cov_89.9145,C_muris_AAZY02000009.220509.222260_GENOTYPE_NAN_18s,99.48700000000001,1752.0,1.0011415525114156,4155.0,5909.0,18s,99.6005696347032
4,44617_all_db3,NODE_15_length_163292_cov_89.9145,C_muris_AAZY02000008.55534.57285_GENOTYPE_NAN_18s,99.48700000000001,1752.0,1.0011415525114156,4155.0,5909.0,18s,99.6005696347032
5,44617_all_db3,NODE_15_length_163292_cov_89.9145,C_muris_AAZY02000007.295011.296762_GENOTYPE_NAN_18s,99.48700000000001,1752.0,1.0011415525114156,4155.0,5909.0,18s,99.6005696347032
6,44617_all_db3,NODE_53_length_57908_cov_73.1278,C_muris_KJ746834_isolate_001-C_actin,99.522,1046.0,0.9990439770554492,13424.0,14469.0,actin,99.42685468451242
7,44617_all_db3,NODE_53_length_57908_cov_73.1278,C_muris_AF382350_isolate_707_actin,99.139,1045.0,0.9990430622009571,13424.0,14468.0,actin,99.04413014354068
8,44617_all_db3,NODE_53_length_57908_cov_73.1278,C_andersoni_DQ989575_isolate_CHN_0604_actin,97.175,1062.0,0.9990583804143126,13424.0,14485.0,actin,97.08349811676082
