,Genome,testgenome_gene_name,db_gene_name,pident,slength,coverage,querystart,queryend,db,score
3,44617_all_db3,NODE_15_length_163292_cov_89.9145,C_muris_AAZY02000009.220509.222260_GENOTYPE_NAN_18s,99.487,1752.0,1.0011415525114156,4155.0,5909.0,18s,99.60056963470319
6,44617_all_db3,NODE_53_length_57908_cov_73.1278,C_muris_KJ746834_isolate_001-C_actin,99.522,1046.0,0.9990439770554492,13424.0,14469.0,actin,99.42685468451242
0,44617_all_db3,NODE_6_length_269752_cov_79.5102,C_muris_AY643490_hsp70,100.0,308.0,0.9967532467532468,85104.0,85411.0,hsp70,99.67532467532469
