,Genome,testgenome_gene_name,db_gene_name,pident,slength,coverage,querystart,queryend,db,score
0,44878_S29_all_db3,NODE_29_length_83304_cov_145.932,C_felis_AF108862.1.1784_GENOTYPE_NAN_18s,99.944,1784.0,0.999439461883408,3759.0,5542.0,18s,99.88797757847533
2,44878_S29_all_db3,NODE_42_length_67598_cov_288.728,C_felis_KM977644_isolate_Tu1_actin,100.0,1013.0,0.9990128331688056,4063.0,5075.0,actin,99.90128331688057
4,44878_S29_all_db3,NODE_101_length_24813_cov_37.9832,C_felis_KP642067_isolate_SC142_hsp70,100.0,308.0,0.9967532467532468,16128.0,16435.0,hsp70,99.67532467532469
