,Genome,testgenome_gene_name,db_gene_name,pident,slength,coverage,querystart,queryend,db,score
0,45372_S65_all_db3,NODE_1_length_712747_cov_133.742,C_sp._AF108865.1.1753_GENOTYPE_NAN_18s,99.601,1753.0,0.9977181973759268,348270.0,350019.0,18s,99.37373017683969
1,45372_S65_all_db3,NODE_1_length_712747_cov_133.742,C_hominis_AAEL01000065.21763.23515_GENOTYPE_NAN_18s,99.601,1753.0,0.9977181973759268,348270.0,350019.0,18s,99.37373017683969
2,45372_S65_all_db3,NODE_1_length_712747_cov_133.742,C_hominis_AAEL01000242.6112.7866_GENOTYPE_NAN_18s,99.48700000000001,1755.0,0.9965811965811966,348270.0,350019.0,18s,99.14687350427351
3,45372_S65_all_db3,NODE_44_length_64203_cov_111.163,C_hominis_GU097651_HJY6_actin,100.0,1062.0,0.9990583804143126,44121.0,45182.0,actin,99.90583804143127
4,45372_S65_all_db3,NODE_44_length_64203_cov_111.163,C_hominis_AF382342_isolate_518_actin,99.906,1062.0,0.9990583804143126,44121.0,45182.0,actin,99.81192655367232
5,45372_S65_all_db3,NODE_44_length_64203_cov_111.163,C_hominis_EF591784_strain_CHZF2_actin,99.906,1062.0,0.9990583804143126,44121.0,45182.0,actin,99.81192655367232
6,45372_S65_all_db3,NODE_90_length_23296_cov_78.9121,C_hominis_EF591787_strain_CHZF1_hsp70,100.0,308.0,0.9967532467532468,11219.0,11526.0,hsp70,99.67532467532469
7,45372_S65_all_db3,NODE_90_length_23296_cov_78.9121,C_hominis_KR296808_isolate_SC476_hsp70,99.675,308.0,0.9967532467532468,11219.0,11526.0,hsp70,99.35137987012988
8,45372_S65_all_db3,NODE_90_length_23296_cov_78.9121,C_hominis_AF221534_isolate_518_hsp70,99.675,308.0,0.9967532467532468,11219.0,11526.0,hsp70,99.35137987012988
