,Genome,testgenome_gene_name,db_gene_name,pident,slength,coverage,querystart,queryend,db,score
6,45572_S54_all_db3,NODE_2014_length_2038_cov_128.285,C_CANIS_AF112576_I_Genotype_NAN_18s,99.828,1741.0,0.9994256174612292,212.0,1952.0,18s,99.77066053991959
0,45572_S54_all_db3,NODE_1425_length_3319_cov_154.902,C_canis_EU754837_strain_HN04_actin,99.906,1062.0,0.9990583804143126,156.0,1217.0,actin,99.81192655367232
3,45572_S54_all_db3,NODE_1561_length_2954_cov_43.0669,C_canis_EU754842_strain_HN06_hsp70,100.0,308.0,0.9967532467532468,1928.0,2235.0,hsp70,99.67532467532469
